cus_id,country,region,city,customer_name
cus00001,saudi arabia,eastern,khobar,Michele Luna
cus00002,saudi arabia,western,jeddah,Katie Sanchez
cus00003,saudi arabia,eastern,khobar,Timothy Kim
cus00004,saudi arabia,western,madina,Julie Peterson
cus00005,saudi arabia,eastern,al-ehsa,Juan Solis
cus00006,saudi arabia,southern,khamis,Amanda Boyd
cus00007,saudi arabia,eastern,khobar,Cindy Lam
cus00008,saudi arabia,southern,jezan,Christina Graham
cus00009,saudi arabia,central,riyadh,Erin Young
cus00010,saudi arabia,western,madina,Rodney Price
cus00011,saudi arabia,western,madina,Kayla Arroyo
cus00012,saudi arabia,southern,abha,Susan Watson
cus00013,saudi arabia,southern,jezan,Shannon Morgan
cus00014,saudi arabia,western,madina,Cheryl Anderson
cus00015,saudi arabia,eastern,khobar,Barbara Graves
cus00016,saudi arabia,central,riyadh,Amber Parrish
cus00017,saudi arabia,eastern,al-ehsa,Casey Farley
cus00018,saudi arabia,central,riyadh,Michael Potter
cus00019,saudi arabia,central,qassim,Christy Bray
cus00020,saudi arabia,southern,jezan,Jo Colon
cus00021,saudi arabia,central,qassim,Kaitlin Hicks
cus00022,saudi arabia,central,riyadh,Sonia Shelton
cus00023,saudi arabia,western,madina,Harry Burton II
cus00024,saudi arabia,southern,abha,Megan Vega
cus00025,saudi arabia,central,qassim,Jordan Knight
cus00026,saudi arabia,eastern,khobar,Sarah Grant
cus00027,saudi arabia,eastern,khobar,Rachel Avery
cus00028,saudi arabia,central,riyadh,Crystal Zuniga
cus00029,saudi arabia,western,madina,Lee Mckay
cus00030,saudi arabia,eastern,khobar,Deborah White
cus00031,saudi arabia,southern,jezan,Renee Giles
cus00032,saudi arabia,southern,khamis,Erin Marshall
cus00033,saudi arabia,southern,abha,Mary Dudley
cus00034,saudi arabia,southern,khamis,Katherine Jackson
cus00035,saudi arabia,eastern,khobar,Sarah Smith
cus00036,saudi arabia,eastern,damman,Christian Hawkins
cus00037,saudi arabia,central,qassim,Cindy Adkins
cus00038,saudi arabia,central,qassim,Linda Caldwell
cus00039,saudi arabia,southern,khamis,Tim Carter MD
cus00040,saudi arabia,central,riyadh,Joshua Sullivan
cus00041,saudi arabia,western,mecca,James Roberts
cus00042,saudi arabia,western,madina,Timothy Gutierrez
cus00043,saudi arabia,central,qassim,Lauren Martinez
cus00044,saudi arabia,eastern,al-ehsa,Kim Jones
cus00045,saudi arabia,southern,abha,Tyler Murray
cus00046,saudi arabia,southern,abha,Adam Pugh
cus00047,saudi arabia,southern,jezan,Heather Wu
cus00048,saudi arabia,western,mecca,Adam Butler
cus00049,saudi arabia,central,qassim,Jennifer Snyder
cus00050,saudi arabia,eastern,al-ehsa,Rachel White
cus00051,saudi arabia,central,qassim,Cory Logan Jr.
cus00052,saudi arabia,western,mecca,Elaine Duncan
cus00053,saudi arabia,central,qassim,Nicole Adams
cus00054,saudi arabia,eastern,damman,Kristina Rodriguez
cus00055,saudi arabia,eastern,al-ehsa,Erika Crawford
cus00056,saudi arabia,central,riyadh,Dana Davis
cus00057,saudi arabia,western,mecca,Stuart Scott
cus00058,saudi arabia,central,riyadh,Isaac Parker
cus00059,saudi arabia,southern,khamis,Lindsay Austin
cus00060,saudi arabia,central,qassim,Devon Lee
cus00061,saudi arabia,central,qassim,Erica Roberts
cus00062,saudi arabia,eastern,khobar,Sarah Pierce
cus00063,saudi arabia,eastern,khobar,Jose James
cus00064,saudi arabia,central,qassim,Adam Wise
cus00065,saudi arabia,eastern,khobar,Elizabeth Gallagher
cus00066,saudi arabia,western,madina,Shaun Wright
cus00067,saudi arabia,central,qassim,Ralph Salazar
cus00068,saudi arabia,western,madina,Alan Graham
cus00069,saudi arabia,central,riyadh,Samantha Shea
cus00070,saudi arabia,southern,jezan,Joseph Richardson
cus00071,saudi arabia,eastern,khobar,Alexa Phillips
cus00072,saudi arabia,eastern,khobar,Janice Jacobson
cus00073,saudi arabia,southern,abha,Bruce Monroe
cus00074,saudi arabia,southern,jezan,Nicole Robinson
cus00075,saudi arabia,eastern,al-ehsa,Eric Rodriguez
cus00076,saudi arabia,central,qassim,Michael Campbell
cus00077,saudi arabia,western,mecca,Caitlin Young
cus00078,saudi arabia,southern,jezan,Robert Baker
cus00079,saudi arabia,western,madina,Vincent Leach
cus00080,saudi arabia,western,jeddah,Kimberly Beltran
cus00081,saudi arabia,western,jeddah,Margaret Newman
cus00082,saudi arabia,southern,abha,Kristopher Morgan
cus00083,saudi arabia,southern,jezan,Luis Todd
cus00084,saudi arabia,western,madina,Alan Williams
cus00085,saudi arabia,eastern,damman,Kayla Porter
cus00086,saudi arabia,central,qassim,Daniel Wong
cus00087,saudi arabia,central,riyadh,Joseph Murphy
cus00088,saudi arabia,western,madina,Felicia Medina
cus00089,saudi arabia,southern,jezan,Dawn Hoffman
cus00090,saudi arabia,central,qassim,Kyle Holt
cus00091,saudi arabia,southern,jezan,Rhonda Wilson
cus00092,saudi arabia,western,mecca,Donald Hernandez
cus00093,saudi arabia,western,madina,Tammy Brewer DVM
cus00094,saudi arabia,central,qassim,Anthony Weiss
cus00095,saudi arabia,western,mecca,Caleb Patterson
cus00096,saudi arabia,western,jeddah,Deborah Saunders
cus00097,saudi arabia,eastern,khobar,Scott Melton
cus00098,saudi arabia,central,qassim,Grace Graves
cus00099,saudi arabia,western,mecca,Brianna Cordova
cus00100,saudi arabia,southern,khamis,Sharon Cardenas
cus00101,saudi arabia,eastern,khobar,Todd Ward
cus00102,saudi arabia,southern,khamis,Karen Thompson
cus00103,saudi arabia,central,qassim,David Wagner
cus00104,saudi arabia,western,madina,Joshua Khan
cus00105,saudi arabia,eastern,al-ehsa,George Saunders
cus00106,saudi arabia,central,qassim,Todd Jackson
cus00107,saudi arabia,southern,jezan,Katherine Gonzales
cus00108,saudi arabia,eastern,damman,Jennifer Harper
cus00109,saudi arabia,central,qassim,Robin Gibson
cus00110,saudi arabia,eastern,al-ehsa,Tamara Jones
cus00111,saudi arabia,central,riyadh,Mitchell Guerrero
cus00112,saudi arabia,central,qassim,Steven Wilson
cus00113,saudi arabia,southern,khamis,Joel Jacobs
cus00114,saudi arabia,central,riyadh,Donald Ruiz
cus00115,saudi arabia,southern,jezan,Randy Williams
cus00116,saudi arabia,southern,khamis,Nicholas Edwards
cus00117,saudi arabia,southern,abha,Heather Martin
cus00118,saudi arabia,central,qassim,Lori Ingram
cus00119,saudi arabia,eastern,al-ehsa,Dr. Anthony Todd
cus00120,saudi arabia,central,qassim,Michael Erickson
cus00121,saudi arabia,central,riyadh,Brett Bradford
cus00122,saudi arabia,western,madina,Matthew Horton
cus00123,saudi arabia,western,mecca,Mark Hinton
cus00124,saudi arabia,southern,jezan,Katrina Rasmussen
cus00125,saudi arabia,central,qassim,Eugene Walker
cus00126,saudi arabia,southern,abha,Gary Scott
cus00127,saudi arabia,eastern,al-ehsa,Jeffery Stewart
cus00128,saudi arabia,southern,abha,Tracy Robinson
cus00129,saudi arabia,western,mecca,Michelle Myers
cus00130,saudi arabia,western,jeddah,Renee King
cus00131,saudi arabia,eastern,al-ehsa,Theresa Garcia
cus00132,saudi arabia,southern,jezan,Luis Smith
cus00133,saudi arabia,southern,abha,Ivan Williams
cus00134,saudi arabia,western,mecca,John Higgins
cus00135,saudi arabia,southern,khamis,Randall Valenzuela
cus00136,saudi arabia,southern,jezan,Elizabeth Black
cus00137,saudi arabia,western,jeddah,Jessica Williams
cus00138,saudi arabia,central,qassim,Victoria Johnson
cus00139,saudi arabia,western,jeddah,Benjamin Wade
cus00140,saudi arabia,southern,abha,Daniel Munoz
cus00141,saudi arabia,western,madina,Amanda Merritt
cus00142,saudi arabia,central,riyadh,David Peck
cus00143,saudi arabia,western,madina,Jessica Wright
cus00144,saudi arabia,southern,abha,David Joseph
cus00145,saudi arabia,western,jeddah,April Kerr
cus00146,saudi arabia,western,madina,Kenneth Sanchez
cus00147,saudi arabia,eastern,khobar,David Curtis
cus00148,saudi arabia,southern,jezan,Melanie Spencer
cus00149,saudi arabia,western,madina,Theresa Williams
cus00150,saudi arabia,eastern,al-ehsa,Thomas Bennett
cus00151,saudi arabia,southern,jezan,Willie Berg
cus00152,saudi arabia,eastern,al-ehsa,Adrienne Dunn
cus00153,saudi arabia,southern,jezan,Patricia Beard
cus00154,saudi arabia,central,qassim,Michele Bryant
cus00155,saudi arabia,southern,jezan,Christian Strong
cus00156,saudi arabia,central,qassim,Ann Jacobs
cus00157,saudi arabia,central,qassim,Gregory Ingram
cus00158,saudi arabia,southern,abha,Melissa Miller
cus00159,saudi arabia,central,riyadh,Mary Rivera
cus00160,saudi arabia,western,mecca,Robert Ray
cus00161,saudi arabia,western,madina,Jessica Rice
cus00162,saudi arabia,southern,jezan,Kenneth Bennett
cus00163,saudi arabia,southern,khamis,Diamond King
cus00164,saudi arabia,western,jeddah,Michael Patton
cus00165,saudi arabia,eastern,al-ehsa,Caitlin Clark
cus00166,saudi arabia,southern,abha,Lawrence Barnes
cus00167,saudi arabia,western,jeddah,Amber Mack
cus00168,saudi arabia,southern,khamis,Matthew Guzman
cus00169,saudi arabia,central,riyadh,Kristen Thomas
cus00170,saudi arabia,eastern,khobar,Tim Adams
cus00171,saudi arabia,western,jeddah,Ian Brown
cus00172,saudi arabia,western,jeddah,Mark Harding
cus00173,saudi arabia,eastern,al-ehsa,Laurie Walker
cus00174,saudi arabia,central,riyadh,Christopher Gonzales
cus00175,saudi arabia,central,qassim,Desiree Phillips
cus00176,saudi arabia,central,riyadh,Tyler Mccarthy
cus00177,saudi arabia,eastern,damman,Greg Black
cus00178,saudi arabia,western,jeddah,Jessica Smith
cus00179,saudi arabia,western,mecca,Patrick Zuniga
cus00180,saudi arabia,southern,abha,Maurice Garcia
cus00181,saudi arabia,eastern,khobar,Jacqueline Ross
cus00182,saudi arabia,southern,abha,Emily Kennedy
cus00183,saudi arabia,southern,khamis,Mark Maddox
cus00184,saudi arabia,central,qassim,Kayla Mitchell
cus00185,saudi arabia,eastern,al-ehsa,Nancy Humphrey
cus00186,saudi arabia,central,riyadh,Krystal Carey
cus00187,saudi arabia,eastern,khobar,Catherine Burgess
cus00188,saudi arabia,western,mecca,Stephen Herrera
cus00189,saudi arabia,southern,jezan,Whitney Armstrong
cus00190,saudi arabia,eastern,khobar,Nicole Jenkins
cus00191,saudi arabia,western,madina,Marilyn Jones
cus00192,saudi arabia,western,jeddah,Alexandria Finley
cus00193,saudi arabia,central,riyadh,Robyn Young
cus00194,saudi arabia,central,riyadh,Kelly Baker
cus00195,saudi arabia,southern,khamis,Steven Park
cus00196,saudi arabia,southern,abha,Dana Smith
cus00197,saudi arabia,southern,jezan,Destiny Kelly
cus00198,saudi arabia,eastern,damman,Steven Bray
cus00199,saudi arabia,southern,khamis,Christine Dickerson
cus00200,saudi arabia,eastern,damman,Justin Hunter
cus00201,saudi arabia,central,qassim,Robert Morse
cus00202,saudi arabia,western,mecca,Jeffrey Barrett
cus00203,saudi arabia,central,riyadh,Denise Johnson
cus00204,saudi arabia,western,jeddah,Ellen Kaiser
cus00205,saudi arabia,southern,abha,Michael Weaver
cus00206,saudi arabia,western,jeddah,Lisa Franklin
cus00207,saudi arabia,central,qassim,Steven Marshall
cus00208,saudi arabia,eastern,al-ehsa,Norman Aguilar
cus00209,saudi arabia,western,mecca,Robin King
cus00210,saudi arabia,southern,jezan,Aaron Brown
cus00211,saudi arabia,eastern,khobar,Dana Parker
cus00212,saudi arabia,eastern,al-ehsa,Christopher Mills
cus00213,saudi arabia,southern,jezan,David Lopez
cus00214,saudi arabia,eastern,damman,Mia Waller
cus00215,saudi arabia,western,madina,Douglas Gomez
cus00216,saudi arabia,western,jeddah,Ryan Murphy
cus00217,saudi arabia,southern,abha,Chris Hart
cus00218,saudi arabia,southern,abha,Michael Hill
cus00219,saudi arabia,southern,khamis,Audrey Murillo
cus00220,saudi arabia,eastern,damman,Craig Gonzalez
cus00221,saudi arabia,southern,jezan,Tammie Cabrera
cus00222,saudi arabia,southern,jezan,Madeline Underwood
cus00223,saudi arabia,central,qassim,Larry Rodgers
cus00224,saudi arabia,central,riyadh,Lori Mejia
cus00225,saudi arabia,central,qassim,Elizabeth Schmidt
cus00226,saudi arabia,southern,jezan,Brenda Sims
cus00227,saudi arabia,southern,khamis,Brandon Brewer
cus00228,saudi arabia,eastern,khobar,Lindsey Bender
cus00229,saudi arabia,central,qassim,Paula Cordova
cus00230,saudi arabia,central,qassim,James Ward
cus00231,saudi arabia,southern,abha,Amy Johnston
cus00232,saudi arabia,western,jeddah,Misty Olson
cus00233,saudi arabia,western,jeddah,Dr. Tyler Garza Jr.
cus00234,saudi arabia,central,riyadh,Christopher Adams
cus00235,saudi arabia,western,madina,Matthew Phelps
cus00236,saudi arabia,eastern,damman,Sandra Hunt
cus00237,saudi arabia,southern,khamis,Samantha Bartlett
cus00238,saudi arabia,eastern,damman,Gary Fields
cus00239,saudi arabia,southern,khamis,Michele Rubio
cus00240,saudi arabia,central,riyadh,Mary Walton
cus00241,saudi arabia,western,madina,Philip Powell
cus00242,saudi arabia,eastern,damman,Kristin Shelton
cus00243,saudi arabia,central,riyadh,Dr. Michelle Rivera
cus00244,saudi arabia,central,qassim,Nicholas Shelton
cus00245,saudi arabia,southern,jezan,Matthew Clayton
cus00246,saudi arabia,central,qassim,Stacy Hoffman
cus00247,saudi arabia,southern,khamis,Monica Smith
cus00248,saudi arabia,eastern,al-ehsa,Matthew Scott
cus00249,saudi arabia,western,mecca,Erin Sanchez
cus00250,saudi arabia,central,qassim,Anthony Carrillo
cus00251,saudi arabia,southern,khamis,Steve Mann
cus00252,saudi arabia,western,madina,Rhonda Braun
cus00253,saudi arabia,eastern,al-ehsa,Anthony Stanley
cus00254,saudi arabia,central,qassim,Steven Lewis
cus00255,saudi arabia,western,madina,Lindsay Obrien
cus00256,saudi arabia,central,riyadh,Jacob Williams
cus00257,saudi arabia,western,madina,Emily Garrett
cus00258,saudi arabia,western,mecca,Cody Franklin DVM
cus00259,saudi arabia,central,qassim,Tiffany House
cus00260,saudi arabia,southern,khamis,Patty Poole
cus00261,saudi arabia,central,qassim,Larry Watts
cus00262,saudi arabia,western,mecca,April Newman
cus00263,saudi arabia,eastern,damman,Dan Mcclure DDS
cus00264,saudi arabia,central,riyadh,Diana Adams
cus00265,saudi arabia,southern,jezan,James Casey
cus00266,saudi arabia,southern,abha,Dominique Warner
cus00267,saudi arabia,western,madina,Martha Wilkins
cus00268,saudi arabia,western,jeddah,Evelyn Osborn MD
cus00269,saudi arabia,central,riyadh,Brittany Wheeler MD
cus00270,saudi arabia,eastern,khobar,Steven Collins
cus00271,saudi arabia,western,madina,Monica Harrington
cus00272,saudi arabia,central,qassim,Nicole Frank
cus00273,saudi arabia,southern,khamis,Dana Perez
cus00274,saudi arabia,southern,abha,Tiffany Green
cus00275,saudi arabia,eastern,al-ehsa,Olivia Flores DVM
cus00276,saudi arabia,southern,abha,Heidi Carr
cus00277,saudi arabia,western,mecca,Rachel Ortiz
cus00278,saudi arabia,western,mecca,Debra Ho
cus00279,saudi arabia,southern,jezan,Nancy Ellis
cus00280,saudi arabia,western,jeddah,Savannah Fox
cus00281,saudi arabia,central,qassim,Sean Smith
cus00282,saudi arabia,central,qassim,Sharon Gallegos
cus00283,saudi arabia,western,mecca,Jennifer Rodriguez
cus00284,saudi arabia,western,madina,Steven Cooper
cus00285,saudi arabia,southern,abha,Becky Johnson
cus00286,saudi arabia,central,qassim,Brandy Mcintosh
cus00287,saudi arabia,eastern,khobar,Alicia Garner
cus00288,saudi arabia,eastern,damman,David Wilkinson
cus00289,saudi arabia,western,mecca,Keith Gibson
cus00290,saudi arabia,southern,jezan,Tammy Chase
cus00291,saudi arabia,western,mecca,Maria Griffin
cus00292,saudi arabia,central,riyadh,Peter Thomas
cus00293,saudi arabia,central,qassim,Lauren Lewis
cus00294,saudi arabia,southern,khamis,Nicholas Jones
cus00295,saudi arabia,central,riyadh,Aaron Kelly
cus00296,saudi arabia,central,riyadh,Daniel White
cus00297,saudi arabia,eastern,damman,Jennifer Ramirez
cus00298,saudi arabia,eastern,al-ehsa,Garrett Hernandez
cus00299,saudi arabia,eastern,damman,Dustin Lynch
cus00300,saudi arabia,western,jeddah,Jim Morales
cus00301,saudi arabia,eastern,al-ehsa,Melissa Macias
cus00302,saudi arabia,southern,jezan,Christopher Romero
cus00303,saudi arabia,eastern,damman,Timothy Martinez
cus00304,saudi arabia,southern,khamis,Robert Berger
cus00305,saudi arabia,western,jeddah,James Kelley
cus00306,saudi arabia,eastern,al-ehsa,Mrs. Kathleen Brown MD
cus00307,saudi arabia,eastern,damman,Angela Hubbard
cus00308,saudi arabia,southern,jezan,Jenna Clark DDS
cus00309,saudi arabia,western,mecca,Elizabeth Ball
cus00310,saudi arabia,eastern,damman,Katie Parsons
cus00311,saudi arabia,western,madina,Keith Palmer Jr.
cus00312,saudi arabia,central,qassim,Zachary Mora
cus00313,saudi arabia,eastern,al-ehsa,Gregory Chen
cus00314,saudi arabia,central,qassim,Marie Clayton
cus00315,saudi arabia,central,qassim,Steven Smith
cus00316,saudi arabia,southern,jezan,Michelle Williams
cus00317,saudi arabia,eastern,al-ehsa,Charles Allen
cus00318,saudi arabia,southern,khamis,John Young
cus00319,saudi arabia,western,madina,Allison Fleming
cus00320,saudi arabia,southern,jezan,Andrew Miller
cus00321,saudi arabia,southern,khamis,Timothy Riley
cus00322,saudi arabia,southern,jezan,Nicole Wright
cus00323,saudi arabia,southern,abha,Amber Cowan
cus00324,saudi arabia,western,mecca,Lisa Powers
cus00325,saudi arabia,central,qassim,Daniel Perez
cus00326,saudi arabia,southern,jezan,Caleb Lewis
cus00327,saudi arabia,western,madina,Becky Mason
cus00328,saudi arabia,southern,khamis,Sean Williams
cus00329,saudi arabia,eastern,khobar,Larry Kim
cus00330,saudi arabia,southern,khamis,Victoria Obrien
cus00331,saudi arabia,western,mecca,Kayla Carlson
cus00332,saudi arabia,southern,khamis,Shannon Lee
cus00333,saudi arabia,western,mecca,Andrew Baker
cus00334,saudi arabia,southern,jezan,Michelle Tate
cus00335,saudi arabia,eastern,al-ehsa,Deborah Cardenas
cus00336,saudi arabia,eastern,damman,Kimberly Lowery
cus00337,saudi arabia,central,qassim,Lisa Dalton
cus00338,saudi arabia,central,riyadh,Erika Garcia
cus00339,saudi arabia,southern,khamis,Billy Cooper
cus00340,saudi arabia,southern,abha,Joann Pace
cus00341,saudi arabia,southern,jezan,Kelly Gross
cus00342,saudi arabia,western,mecca,Amanda Chandler
cus00343,saudi arabia,central,qassim,Christopher Garcia
cus00344,saudi arabia,central,riyadh,Paul Johnson DDS
cus00345,saudi arabia,southern,jezan,Dillon Garrett
cus00346,saudi arabia,central,riyadh,Jerry Jordan
cus00347,saudi arabia,southern,abha,Deborah Edwards
cus00348,saudi arabia,central,qassim,Corey Jordan
cus00349,saudi arabia,central,riyadh,Jimmy Gates
cus00350,saudi arabia,western,jeddah,Bradley Chavez
cus00351,saudi arabia,southern,khamis,Mary Griffith
cus00352,saudi arabia,southern,jezan,Michael Williams
cus00353,saudi arabia,western,madina,Jerry Bautista
cus00354,saudi arabia,western,mecca,Natasha White
cus00355,saudi arabia,southern,jezan,Mrs. Sandra Wyatt
cus00356,saudi arabia,eastern,al-ehsa,Susan Larsen
cus00357,saudi arabia,central,riyadh,Clayton Andrews
cus00358,saudi arabia,eastern,al-ehsa,Joseph Bartlett
cus00359,saudi arabia,central,qassim,Johnathan Smith
cus00360,saudi arabia,western,mecca,Mary Johnson
cus00361,saudi arabia,central,riyadh,Amanda Quinn
cus00362,saudi arabia,central,qassim,Patrick Simon
cus00363,saudi arabia,eastern,damman,Tyler Mullins
cus00364,saudi arabia,eastern,khobar,Joseph Barnes
cus00365,saudi arabia,central,riyadh,Jasmine Dawson
cus00366,saudi arabia,southern,abha,Diane Weber
cus00367,saudi arabia,central,qassim,Blake Sheppard
cus00368,saudi arabia,eastern,khobar,David Wilson
cus00369,saudi arabia,eastern,al-ehsa,Jonathan Cervantes
cus00370,saudi arabia,southern,jezan,Denise Rodriguez
cus00371,saudi arabia,southern,jezan,Peter Scott
cus00372,saudi arabia,central,riyadh,Timothy Carlson
cus00373,saudi arabia,eastern,al-ehsa,Andrew Johnson
cus00374,saudi arabia,central,qassim,Dr. Adrian Brooks
cus00375,saudi arabia,eastern,al-ehsa,Alexander Hart
cus00376,saudi arabia,western,madina,Julie Richard
cus00377,saudi arabia,southern,abha,John Smith
cus00378,saudi arabia,central,riyadh,Kayla Lloyd
cus00379,saudi arabia,western,jeddah,Shannon Wilson
cus00380,saudi arabia,central,riyadh,Linda Jones
cus00381,saudi arabia,eastern,khobar,Tracey Blackwell
cus00382,saudi arabia,western,mecca,Peter Ramirez
cus00383,saudi arabia,central,qassim,Joseph Waters
cus00384,saudi arabia,southern,jezan,Stephen Williams
cus00385,saudi arabia,southern,jezan,Mark Berry
cus00386,saudi arabia,eastern,damman,John Fuller
cus00387,saudi arabia,eastern,khobar,Cynthia West
cus00388,saudi arabia,eastern,khobar,Courtney Berry
cus00389,saudi arabia,central,qassim,Deborah Baker
cus00390,saudi arabia,western,mecca,Jasmine Meyer
cus00391,saudi arabia,southern,khamis,Nancy Howard
cus00392,saudi arabia,eastern,damman,William Collins
cus00393,saudi arabia,central,qassim,Gregory Bell
cus00394,saudi arabia,southern,khamis,Donald Smith
cus00395,saudi arabia,western,mecca,Laura Cross
cus00396,saudi arabia,central,qassim,Michelle Oneal
cus00397,saudi arabia,southern,khamis,Mrs. Misty Nguyen
cus00398,saudi arabia,southern,abha,James Duffy
cus00399,saudi arabia,central,riyadh,Derek Reed
cus00400,saudi arabia,western,jeddah,Joseph Frazier
cus00401,saudi arabia,central,riyadh,Lisa Page
cus00402,saudi arabia,eastern,damman,Daniel Collier
cus00403,saudi arabia,eastern,al-ehsa,Bryan Ruiz
cus00404,saudi arabia,southern,jezan,Cody Sullivan
cus00405,saudi arabia,western,mecca,Janet Torres
cus00406,saudi arabia,southern,khamis,Christine Sanders
cus00407,saudi arabia,southern,jezan,Mary Ramirez
cus00408,saudi arabia,eastern,damman,Alexis Reese
cus00409,saudi arabia,eastern,khobar,Jennifer Mccoy
cus00410,saudi arabia,southern,khamis,Jacob Preston
cus00411,saudi arabia,southern,khamis,Robert Case
cus00412,saudi arabia,southern,jezan,Sandra Martin
cus00413,saudi arabia,eastern,al-ehsa,Michael Mayo
cus00414,saudi arabia,eastern,damman,Robert Anderson
cus00415,saudi arabia,southern,khamis,Michele Howe
cus00416,saudi arabia,western,madina,Kristine Ford
cus00417,saudi arabia,eastern,damman,Edward Graves
cus00418,saudi arabia,western,mecca,John Wheeler
cus00419,saudi arabia,western,jeddah,Brian Anthony
cus00420,saudi arabia,central,qassim,James Brown
cus00421,saudi arabia,eastern,damman,Mindy Bishop
cus00422,saudi arabia,western,jeddah,Brian Hess
cus00423,saudi arabia,western,madina,Heather White
cus00424,saudi arabia,eastern,khobar,Amanda Jones
cus00425,saudi arabia,southern,khamis,Caleb Robertson
cus00426,saudi arabia,eastern,khobar,Kathryn Brown
cus00427,saudi arabia,southern,abha,Johnathan Mcdowell
cus00428,saudi arabia,central,qassim,Veronica Martinez
cus00429,saudi arabia,western,jeddah,Brian Oconnor
cus00430,saudi arabia,western,madina,Shannon Johnson
cus00431,saudi arabia,eastern,damman,Robert Wolfe
cus00432,saudi arabia,eastern,damman,Daniel Mccormick
cus00433,saudi arabia,central,riyadh,Donald Mendez DDS
cus00434,saudi arabia,eastern,damman,Heather Taylor
cus00435,saudi arabia,western,mecca,Donald Wong
cus00436,saudi arabia,southern,khamis,Deborah Garcia
cus00437,saudi arabia,central,riyadh,Dustin Figueroa
cus00438,saudi arabia,western,jeddah,Elizabeth Fletcher
cus00439,saudi arabia,central,riyadh,Tina Phillips
cus00440,saudi arabia,western,jeddah,Lisa Hayes MD
cus00441,saudi arabia,eastern,khobar,Joyce Singleton
cus00442,saudi arabia,southern,abha,Robert Blake
cus00443,saudi arabia,eastern,khobar,Amber Smith
cus00444,saudi arabia,eastern,damman,Shannon Moody
cus00445,saudi arabia,eastern,damman,Shannon Sanchez
cus00446,saudi arabia,western,madina,Chad Smith
cus00447,saudi arabia,southern,abha,Melissa Gilbert
cus00448,saudi arabia,southern,abha,Brittany Richardson
cus00449,saudi arabia,central,riyadh,Randy Walker
cus00450,saudi arabia,western,mecca,Erin Herman
cus00451,saudi arabia,central,qassim,Michael Cline
cus00452,saudi arabia,central,qassim,Stephanie Alexander
cus00453,saudi arabia,southern,abha,Louis Neal
cus00454,saudi arabia,southern,khamis,Sean Ortega
cus00455,saudi arabia,central,riyadh,Gregory Nash
cus00456,saudi arabia,eastern,khobar,Megan Koch
cus00457,saudi arabia,eastern,al-ehsa,Richard Brock
cus00458,saudi arabia,central,riyadh,Christopher Griffin DDS
cus00459,saudi arabia,western,madina,Chad Henson
cus00460,saudi arabia,western,mecca,Lauren Price
cus00461,saudi arabia,central,riyadh,Terri Farrell
cus00462,saudi arabia,southern,khamis,William Parker
cus00463,saudi arabia,western,mecca,Shannon Rodriguez
cus00464,saudi arabia,western,mecca,Christina Gill
cus00465,saudi arabia,southern,abha,Beverly Freeman
cus00466,saudi arabia,western,mecca,Matthew Key
cus00467,saudi arabia,western,jeddah,Amanda Garcia
cus00468,saudi arabia,western,madina,Michele Sanders
cus00469,saudi arabia,western,mecca,Brittney Baldwin
cus00470,saudi arabia,western,madina,Sheila Newton
cus00471,saudi arabia,central,riyadh,Kevin Torres
cus00472,saudi arabia,eastern,damman,Cassandra White
cus00473,saudi arabia,eastern,al-ehsa,Kenneth Kennedy
cus00474,saudi arabia,western,mecca,Jessica Yoder
cus00475,saudi arabia,eastern,damman,Timothy Parker
cus00476,saudi arabia,southern,jezan,Shannon Durham
cus00477,saudi arabia,western,madina,Joshua Parsons
cus00478,saudi arabia,western,madina,Blake Green
cus00479,saudi arabia,southern,khamis,Michelle Harris
cus00480,saudi arabia,eastern,al-ehsa,Amanda Roberts
cus00481,saudi arabia,western,mecca,Martha Snyder
cus00482,saudi arabia,eastern,khobar,Melissa Morton
cus00483,saudi arabia,western,madina,Lindsey Abbott
cus00484,saudi arabia,southern,jezan,David Fleming
cus00485,saudi arabia,central,qassim,Michael Davis
cus00486,saudi arabia,central,qassim,Kristen Pierce
cus00487,saudi arabia,southern,jezan,John Reid
cus00488,saudi arabia,southern,jezan,Brandon Best
cus00489,saudi arabia,eastern,damman,Alexis Moore DDS
cus00490,saudi arabia,eastern,al-ehsa,Natalie Henderson
cus00491,saudi arabia,southern,jezan,Kevin Owen
cus00492,saudi arabia,western,madina,Kristin Duran
cus00493,saudi arabia,eastern,al-ehsa,Jose Grimes DDS
cus00494,saudi arabia,central,qassim,Kristen Sanford
cus00495,saudi arabia,central,qassim,Justin Davis
cus00496,saudi arabia,eastern,al-ehsa,Ryan Smith
cus00497,saudi arabia,western,jeddah,Bryce Guerrero
cus00498,saudi arabia,central,qassim,Emily Green
cus00499,saudi arabia,southern,abha,George Gonzalez
cus00500,saudi arabia,eastern,damman,Michael Lopez
cus00501,saudi arabia,central,qassim,Steven Baker
cus00502,saudi arabia,eastern,khobar,Scott Potts
cus00503,saudi arabia,eastern,damman,Aaron Dennis
cus00504,saudi arabia,central,riyadh,Wayne Johnson
cus00505,saudi arabia,southern,khamis,Ronald Johnston
cus00506,saudi arabia,southern,jezan,Brandon Keller
cus00507,saudi arabia,eastern,al-ehsa,Rebecca Horton
cus00508,saudi arabia,western,madina,Sharon Schultz
cus00509,saudi arabia,western,madina,Maria Conway
cus00510,saudi arabia,southern,khamis,Amanda Moore
cus00511,saudi arabia,southern,khamis,Stephanie Jenkins
cus00512,saudi arabia,eastern,al-ehsa,David Riley
cus00513,saudi arabia,western,jeddah,Julia Jones
cus00514,saudi arabia,eastern,khobar,Kristina Roberts
cus00515,saudi arabia,southern,abha,Mark Edwards
cus00516,saudi arabia,central,qassim,Michael Camacho
cus00517,saudi arabia,western,jeddah,Jordan Ramirez
cus00518,saudi arabia,eastern,damman,Amy Rios
cus00519,saudi arabia,southern,khamis,Lawrence Palmer
cus00520,saudi arabia,western,madina,Savannah Page
cus00521,saudi arabia,western,mecca,Jennifer Ramirez
cus00522,saudi arabia,western,madina,Michael Barnett
cus00523,saudi arabia,eastern,al-ehsa,Jason Logan
cus00524,saudi arabia,western,mecca,Richard Lewis
cus00525,saudi arabia,southern,jezan,Sierra Blackwell
cus00526,saudi arabia,western,madina,Deanna Perez
cus00527,saudi arabia,eastern,damman,Amanda Doyle
cus00528,saudi arabia,western,mecca,Tanya Allison
cus00529,saudi arabia,eastern,damman,William Kelly
cus00530,saudi arabia,central,riyadh,Paul Obrien
cus00531,saudi arabia,eastern,damman,Terry Ellis
cus00532,saudi arabia,central,riyadh,Mary Anderson
cus00533,saudi arabia,southern,abha,Jacob Vasquez
cus00534,saudi arabia,southern,khamis,Stephanie Key
cus00535,saudi arabia,southern,abha,Christopher Washington
cus00536,saudi arabia,central,qassim,Anne Payne
cus00537,saudi arabia,western,mecca,Michelle Walker
cus00538,saudi arabia,southern,abha,Mike Jackson
cus00539,saudi arabia,central,riyadh,Abigail Ramirez
cus00540,saudi arabia,eastern,damman,Brittany Cox
cus00541,saudi arabia,eastern,damman,Cameron Jones
cus00542,saudi arabia,eastern,al-ehsa,Lisa Gallegos
cus00543,saudi arabia,western,jeddah,Barbara Cantu
cus00544,saudi arabia,southern,abha,Brandon Johnson
cus00545,saudi arabia,southern,abha,Sharon Mccall
cus00546,saudi arabia,eastern,al-ehsa,Justin Salazar
cus00547,saudi arabia,central,qassim,Robert Miller
cus00548,saudi arabia,southern,khamis,Angela White
cus00549,saudi arabia,eastern,al-ehsa,Mr. Steven Johnson
cus00550,saudi arabia,central,qassim,Cody Reid
cus00551,saudi arabia,western,mecca,Carmen Garcia
cus00552,saudi arabia,western,madina,Mr. Gregory Greene DDS
cus00553,saudi arabia,eastern,khobar,Cheryl Brewer DVM
cus00554,saudi arabia,central,qassim,Elizabeth Garcia
cus00555,saudi arabia,eastern,khobar,Edward Harris
cus00556,saudi arabia,eastern,al-ehsa,Sheryl Price
cus00557,saudi arabia,eastern,khobar,Heather Cook
cus00558,saudi arabia,eastern,damman,James Jones
cus00559,saudi arabia,southern,jezan,Alex Figueroa
cus00560,saudi arabia,southern,khamis,Anna Williams
cus00561,saudi arabia,eastern,al-ehsa,Anita Baker
cus00562,saudi arabia,central,riyadh,Tina Rodriguez
cus00563,saudi arabia,southern,khamis,Jennifer Jones
cus00564,saudi arabia,southern,khamis,Samantha Rodriguez
cus00565,saudi arabia,central,riyadh,Sarah Clark
cus00566,saudi arabia,western,mecca,Peter Hansen
cus00567,saudi arabia,central,qassim,Katherine Mullins
cus00568,saudi arabia,central,riyadh,Meghan Kennedy
cus00569,saudi arabia,central,qassim,Debbie Taylor
cus00570,saudi arabia,southern,abha,Dominique Johnson
cus00571,saudi arabia,central,riyadh,Kayla Henderson DVM
cus00572,saudi arabia,eastern,al-ehsa,Kathy Kennedy
cus00573,saudi arabia,southern,khamis,Susan James
cus00574,saudi arabia,southern,abha,Mario Hunt
cus00575,saudi arabia,central,riyadh,Tyler Luna
cus00576,saudi arabia,central,riyadh,Tracy Daugherty
cus00577,saudi arabia,eastern,khobar,Jade Cisneros
cus00578,saudi arabia,western,mecca,Gina Smith
cus00579,saudi arabia,western,jeddah,Angela Phillips
cus00580,saudi arabia,eastern,khobar,Tracy Anderson
cus00581,saudi arabia,eastern,al-ehsa,Carolyn West
cus00582,saudi arabia,eastern,al-ehsa,Gary Odonnell
cus00583,saudi arabia,western,jeddah,Mercedes Nelson
cus00584,saudi arabia,eastern,khobar,Ashley Carter
cus00585,saudi arabia,western,madina,Maria Gonzalez
cus00586,saudi arabia,central,riyadh,Nicole Baldwin
cus00587,saudi arabia,southern,khamis,Amber Dunn
cus00588,saudi arabia,eastern,al-ehsa,Cassandra Gamble
cus00589,saudi arabia,central,riyadh,Vanessa Pierce
cus00590,saudi arabia,southern,khamis,Jane Hester
cus00591,saudi arabia,central,qassim,Michael Contreras
cus00592,saudi arabia,eastern,al-ehsa,Erin Watson
cus00593,saudi arabia,central,riyadh,Keith Oconnor
cus00594,saudi arabia,southern,khamis,Jennifer Schmidt
cus00595,saudi arabia,eastern,damman,Michelle Burnett
cus00596,saudi arabia,southern,abha,Elizabeth Rose
cus00597,saudi arabia,western,jeddah,Nicholas Ho
cus00598,saudi arabia,southern,khamis,Samuel Pugh
cus00599,saudi arabia,western,mecca,Gary Garza
cus00600,saudi arabia,southern,abha,Brooke Hawkins
cus00601,saudi arabia,western,mecca,William King
cus00602,saudi arabia,eastern,damman,Donna Garcia
cus00603,saudi arabia,southern,khamis,Adam Henderson
cus00604,saudi arabia,central,riyadh,Carol Mack
cus00605,saudi arabia,southern,abha,Sherry Wilson
cus00606,saudi arabia,southern,abha,Cheryl Miles
cus00607,saudi arabia,southern,abha,Devin Harris
cus00608,saudi arabia,southern,jezan,Brianna Miller
cus00609,saudi arabia,southern,khamis,Deborah Shaw
cus00610,saudi arabia,eastern,damman,Caitlin Flynn
cus00611,saudi arabia,southern,jezan,Brett Escobar
cus00612,saudi arabia,central,qassim,Amber Ball
cus00613,saudi arabia,western,madina,Sally Castillo
cus00614,saudi arabia,central,riyadh,Charles Shelton
cus00615,saudi arabia,central,riyadh,Matthew Johnson DVM
cus00616,saudi arabia,southern,jezan,William Ayala
cus00617,saudi arabia,southern,khamis,Jennifer Chen
cus00618,saudi arabia,southern,jezan,Scott Christensen
cus00619,saudi arabia,eastern,khobar,Christopher Peters
cus00620,saudi arabia,central,qassim,Rebecca Reynolds
cus00621,saudi arabia,eastern,damman,Leon Kaufman
cus00622,saudi arabia,central,qassim,Donald Hays
cus00623,saudi arabia,southern,khamis,Mathew Wilkerson
cus00624,saudi arabia,southern,jezan,James Gomez
cus00625,saudi arabia,eastern,al-ehsa,Brent Garcia
cus00626,saudi arabia,western,madina,Jason Rich
cus00627,saudi arabia,southern,jezan,Ricky Padilla
cus00628,saudi arabia,western,jeddah,Linda Fernandez
cus00629,saudi arabia,southern,abha,Randy Yang
cus00630,saudi arabia,eastern,al-ehsa,Robert Jones
cus00631,saudi arabia,central,riyadh,Robin Kim
cus00632,saudi arabia,southern,jezan,Tiffany Simon
cus00633,saudi arabia,eastern,damman,John Salinas
cus00634,saudi arabia,eastern,damman,Andrew Cole
cus00635,saudi arabia,southern,jezan,Kelly Cole
cus00636,saudi arabia,central,qassim,Michael Lewis
cus00637,saudi arabia,southern,abha,Michael Pierce
cus00638,saudi arabia,central,riyadh,Andrew Coleman
cus00639,saudi arabia,central,riyadh,Susan Walker
cus00640,saudi arabia,southern,abha,Pamela Johnson
cus00641,saudi arabia,eastern,khobar,Christian Scott
cus00642,saudi arabia,southern,jezan,Kiara Pena
cus00643,saudi arabia,western,madina,Marie Oliver
cus00644,saudi arabia,western,madina,Joshua Powell
cus00645,saudi arabia,eastern,al-ehsa,Gerald White
cus00646,saudi arabia,southern,khamis,Beth Chen
cus00647,saudi arabia,western,madina,Amanda Fisher
cus00648,saudi arabia,eastern,damman,Kristina Byrd
cus00649,saudi arabia,eastern,al-ehsa,Patricia Mahoney
cus00650,saudi arabia,southern,khamis,Paul Griffin
cus00651,saudi arabia,southern,khamis,Brianna Mccann
cus00652,saudi arabia,central,qassim,Travis Prince
cus00653,saudi arabia,central,qassim,Nicole Davis
cus00654,saudi arabia,eastern,khobar,Kerry Parker
cus00655,saudi arabia,western,jeddah,Tina Jarvis
cus00656,saudi arabia,western,mecca,Cynthia Padilla
cus00657,saudi arabia,eastern,al-ehsa,Derek Morales
cus00658,saudi arabia,eastern,khobar,Michael Lopez
cus00659,saudi arabia,southern,khamis,John Barnes
cus00660,saudi arabia,eastern,damman,William Ramirez
cus00661,saudi arabia,eastern,damman,Kimberly Hill
cus00662,saudi arabia,western,madina,Samuel Buck
cus00663,saudi arabia,western,madina,Amanda Gutierrez
cus00664,saudi arabia,western,mecca,Christina Martinez
cus00665,saudi arabia,eastern,damman,Karina Lewis
cus00666,saudi arabia,central,qassim,Michael Cook
cus00667,saudi arabia,western,madina,Daniel Ingram
cus00668,saudi arabia,eastern,khobar,Joshua Bell
cus00669,saudi arabia,central,qassim,Dawn Mitchell
cus00670,saudi arabia,eastern,damman,Sara Miller
cus00671,saudi arabia,western,jeddah,Michelle Jackson
cus00672,saudi arabia,eastern,al-ehsa,Tammy Jones
cus00673,saudi arabia,southern,jezan,Amber Robles
cus00674,saudi arabia,southern,jezan,Nicole Lindsey
cus00675,saudi arabia,eastern,khobar,Tara Hunter
cus00676,saudi arabia,western,madina,Mark Robinson
cus00677,saudi arabia,eastern,khobar,Troy Crawford
cus00678,saudi arabia,eastern,damman,Taylor Hampton
cus00679,saudi arabia,eastern,al-ehsa,Corey Berry
cus00680,saudi arabia,western,jeddah,Timothy Smith
cus00681,saudi arabia,eastern,al-ehsa,Michelle Klein
cus00682,saudi arabia,eastern,khobar,Thomas Hines
cus00683,saudi arabia,southern,khamis,Christopher Shelton
cus00684,saudi arabia,western,jeddah,Tracy Sims
cus00685,saudi arabia,southern,abha,Rebecca Vasquez
cus00686,saudi arabia,southern,abha,Cheryl Moody
cus00687,saudi arabia,eastern,khobar,Nicole Arnold
cus00688,saudi arabia,western,jeddah,Timothy Miles
cus00689,saudi arabia,eastern,al-ehsa,Mr. Joel Peters MD
cus00690,saudi arabia,western,mecca,Rebecca Petersen
cus00691,saudi arabia,western,jeddah,Alison Johnson
cus00692,saudi arabia,western,jeddah,Barbara Garcia
cus00693,saudi arabia,central,riyadh,Anita Humphrey
cus00694,saudi arabia,eastern,khobar,Brian Craig
cus00695,saudi arabia,southern,abha,Sarah Blevins
cus00696,saudi arabia,central,riyadh,Logan Mooney
cus00697,saudi arabia,southern,abha,Ana Carroll
cus00698,saudi arabia,central,riyadh,Mary Marshall
cus00699,saudi arabia,central,qassim,Cindy Faulkner
cus00700,saudi arabia,central,qassim,Elizabeth Brady
cus00701,saudi arabia,central,qassim,Taylor Carter
cus00702,saudi arabia,western,jeddah,Connie Fritz
cus00703,saudi arabia,western,jeddah,Matthew Hernandez
cus00704,saudi arabia,central,qassim,Theresa Delgado
cus00705,saudi arabia,southern,khamis,Melanie White
cus00706,saudi arabia,central,qassim,Anthony Holmes
cus00707,saudi arabia,southern,abha,Joel Parrish
cus00708,saudi arabia,western,jeddah,Thomas Wood
cus00709,saudi arabia,central,riyadh,Roberto Mitchell
cus00710,saudi arabia,southern,abha,Steven Gray
cus00711,saudi arabia,southern,abha,Christopher Smith
cus00712,saudi arabia,western,jeddah,Timothy Lewis
cus00713,saudi arabia,southern,khamis,Michael Kirk
cus00714,saudi arabia,central,riyadh,Jeffrey Nichols
cus00715,saudi arabia,western,jeddah,Sabrina Gutierrez
cus00716,saudi arabia,southern,khamis,Jessica Williams
cus00717,saudi arabia,southern,khamis,Chelsea Roberts
cus00718,saudi arabia,western,jeddah,Hannah Ross
cus00719,saudi arabia,eastern,khobar,Jennifer Smith
cus00720,saudi arabia,western,mecca,Christian Contreras
cus00721,saudi arabia,eastern,damman,Ryan Williams
cus00722,saudi arabia,central,riyadh,Katie Shields
cus00723,saudi arabia,central,riyadh,Barbara Cox
cus00724,saudi arabia,central,riyadh,Diana Hunter
cus00725,saudi arabia,western,jeddah,Steven Powell
cus00726,saudi arabia,eastern,damman,Mary Black
cus00727,saudi arabia,southern,khamis,Kimberly Villanueva
cus00728,saudi arabia,central,qassim,Jennifer Hernandez
cus00729,saudi arabia,eastern,damman,Bridget Smith
cus00730,saudi arabia,eastern,damman,Wesley Flores
cus00731,saudi arabia,western,mecca,Loretta Rangel
cus00732,saudi arabia,southern,khamis,Christina Wise
cus00733,saudi arabia,central,riyadh,Derek Norris
cus00734,saudi arabia,southern,abha,Richard Gonzalez
cus00735,saudi arabia,western,madina,Jeffery Johnson
cus00736,saudi arabia,southern,abha,Rhonda Hughes
cus00737,saudi arabia,eastern,khobar,Jennifer Hill
cus00738,saudi arabia,central,riyadh,Elizabeth Phillips
cus00739,saudi arabia,central,riyadh,Lynn Warner
cus00740,saudi arabia,eastern,damman,Antonio Harris
cus00741,saudi arabia,central,riyadh,Adam Mcdonald
cus00742,saudi arabia,eastern,al-ehsa,Jake Munoz
cus00743,saudi arabia,western,madina,Caitlin Johnson
cus00744,saudi arabia,central,riyadh,Michael Foster
cus00745,saudi arabia,eastern,damman,Aaron Hatfield
cus00746,saudi arabia,eastern,al-ehsa,Nicholas Garcia
cus00747,saudi arabia,southern,jezan,Phillip Turner
cus00748,saudi arabia,western,jeddah,Meghan Watson
cus00749,saudi arabia,southern,jezan,Michelle Baker
cus00750,saudi arabia,eastern,khobar,Steven Johnson
cus00751,saudi arabia,central,riyadh,Caitlin Nicholson
cus00752,saudi arabia,western,jeddah,Aaron Kelley
cus00753,saudi arabia,central,qassim,Logan Allen
cus00754,saudi arabia,southern,khamis,Laura Martinez
cus00755,saudi arabia,central,riyadh,William Hamilton
cus00756,saudi arabia,western,madina,Joseph Moore
cus00757,saudi arabia,western,madina,Michael Thomas
cus00758,saudi arabia,central,riyadh,Carrie Smith
cus00759,saudi arabia,western,mecca,Amanda Woodward
cus00760,saudi arabia,eastern,al-ehsa,Thomas Hartman
cus00761,saudi arabia,central,riyadh,Christopher Mckee
cus00762,saudi arabia,central,riyadh,Jesse Byrd
cus00763,saudi arabia,western,mecca,Crystal Thomas
cus00764,saudi arabia,eastern,khobar,Timothy Mueller
cus00765,saudi arabia,central,qassim,Tricia Clark
cus00766,saudi arabia,western,jeddah,Paula Turner
cus00767,saudi arabia,southern,khamis,Paula Miller
cus00768,saudi arabia,western,jeddah,Tara Fischer
cus00769,saudi arabia,eastern,damman,Lauren Hurley
cus00770,saudi arabia,central,qassim,Stephanie Peterson
cus00771,saudi arabia,eastern,al-ehsa,Vanessa Stephens
cus00772,saudi arabia,eastern,khobar,Melissa Johnson
cus00773,saudi arabia,eastern,khobar,Jessica Clark
cus00774,saudi arabia,central,qassim,Stephanie Miller
cus00775,saudi arabia,western,jeddah,Kendra Young
cus00776,saudi arabia,western,madina,Roger Padilla
cus00777,saudi arabia,western,madina,Douglas Byrd
cus00778,saudi arabia,eastern,al-ehsa,Shawn Contreras
cus00779,saudi arabia,western,jeddah,Daniel Galvan
cus00780,saudi arabia,western,mecca,Suzanne Cruz
cus00781,saudi arabia,western,mecca,Denise Clark
cus00782,saudi arabia,eastern,al-ehsa,Rachel Willis
cus00783,saudi arabia,central,qassim,Michelle Choi
cus00784,saudi arabia,eastern,khobar,Travis Stafford
cus00785,saudi arabia,western,jeddah,Scott Perkins
cus00786,saudi arabia,eastern,al-ehsa,Sheri Stephens
cus00787,saudi arabia,southern,khamis,Pamela Anderson
cus00788,saudi arabia,central,riyadh,Kevin Smith
cus00789,saudi arabia,western,mecca,David White
cus00790,saudi arabia,central,riyadh,Jason Herrera
cus00791,saudi arabia,eastern,damman,Samuel Bennett
cus00792,saudi arabia,western,jeddah,Victor Lopez
cus00793,saudi arabia,central,qassim,Joshua Jefferson
cus00794,saudi arabia,western,mecca,Jessica Welch
cus00795,saudi arabia,southern,khamis,Christopher Perez
cus00796,saudi arabia,central,qassim,Jennifer Rodriguez
cus00797,saudi arabia,southern,khamis,Jamie Chapman
cus00798,saudi arabia,southern,abha,Lindsey Barber
cus00799,saudi arabia,western,madina,Dr. Rebekah Owen
cus00800,saudi arabia,western,jeddah,David Morris
cus00801,saudi arabia,eastern,al-ehsa,Ryan Estes
cus00802,saudi arabia,southern,abha,Maurice Williams
cus00803,saudi arabia,western,mecca,Amanda West
cus00804,saudi arabia,southern,khamis,Tyler Kirk
cus00805,saudi arabia,central,qassim,John Herrera
cus00806,saudi arabia,central,riyadh,Wayne Parker
cus00807,saudi arabia,central,riyadh,Nicolas Stanley PhD
cus00808,saudi arabia,central,qassim,Suzanne Butler
cus00809,saudi arabia,central,qassim,John Tapia
cus00810,saudi arabia,southern,abha,Matthew Gray
cus00811,saudi arabia,western,mecca,Michael Cross
cus00812,saudi arabia,central,qassim,Cody Wheeler
cus00813,saudi arabia,eastern,khobar,Linda Morton
cus00814,saudi arabia,eastern,al-ehsa,Katherine Smith
cus00815,saudi arabia,eastern,damman,Bryce Little
cus00816,saudi arabia,central,riyadh,Eric Meyer
cus00817,saudi arabia,central,qassim,Jennifer Kim
cus00818,saudi arabia,western,mecca,Peter Patton
cus00819,saudi arabia,eastern,damman,Matthew Dillon
cus00820,saudi arabia,central,riyadh,Lindsey Kelly
cus00821,saudi arabia,western,jeddah,Jason Suarez
cus00822,saudi arabia,eastern,damman,Mary Harris
cus00823,saudi arabia,eastern,khobar,Eric Humphrey
cus00824,saudi arabia,central,riyadh,David Daniel
cus00825,saudi arabia,central,riyadh,Cody Bishop
cus00826,saudi arabia,western,mecca,Mario Schultz
cus00827,saudi arabia,southern,abha,Lauren Bullock MD
cus00828,saudi arabia,central,qassim,Justin Ramirez
cus00829,saudi arabia,central,riyadh,Lisa Reyes
cus00830,saudi arabia,eastern,al-ehsa,Monica Andrews
cus00831,saudi arabia,central,riyadh,Jennifer Powers
cus00832,saudi arabia,southern,abha,John Lam
cus00833,saudi arabia,central,riyadh,Angela Williams
cus00834,saudi arabia,southern,khamis,Miss Tracy Davis
cus00835,saudi arabia,eastern,damman,Sara Paul
cus00836,saudi arabia,central,riyadh,Mary Green
cus00837,saudi arabia,western,madina,Steven Kelley
cus00838,saudi arabia,southern,jezan,Lisa Thomas
cus00839,saudi arabia,central,riyadh,Dean Cruz
cus00840,saudi arabia,central,qassim,Anthony Hughes
cus00841,saudi arabia,central,qassim,Stephen Mcguire
cus00842,saudi arabia,southern,khamis,Wendy Wood
cus00843,saudi arabia,eastern,khobar,Patrick Cummings
cus00844,saudi arabia,western,madina,Stephanie Ortiz
cus00845,saudi arabia,southern,khamis,Debbie Wright
cus00846,saudi arabia,central,riyadh,Noah Lewis
cus00847,saudi arabia,southern,khamis,Ryan Hart
cus00848,saudi arabia,western,jeddah,Vincent Chaney
cus00849,saudi arabia,eastern,al-ehsa,Linda Jensen
cus00850,saudi arabia,southern,jezan,Dylan Sampson
cus00851,saudi arabia,western,madina,Shannon Houston
cus00852,saudi arabia,western,jeddah,Heather Martinez
cus00853,saudi arabia,western,jeddah,Jennifer Joseph
cus00854,saudi arabia,southern,jezan,Andrew Hernandez
cus00855,saudi arabia,central,qassim,Jason Moore
cus00856,saudi arabia,western,mecca,Kelly Simpson
cus00857,saudi arabia,central,riyadh,Kimberly Gonzales
cus00858,saudi arabia,central,qassim,Paul Spencer
cus00859,saudi arabia,central,riyadh,Anthony Powell
cus00860,saudi arabia,southern,jezan,Jessica Foster
cus00861,saudi arabia,eastern,al-ehsa,Kristine Williams
cus00862,saudi arabia,southern,abha,Lori Hanson
cus00863,saudi arabia,southern,jezan,Wendy Williams
cus00864,saudi arabia,western,jeddah,Stanley Brown
cus00865,saudi arabia,central,riyadh,Becky Cummings
cus00866,saudi arabia,eastern,al-ehsa,Jason Jacobson
cus00867,saudi arabia,western,madina,Brenda Jennings
cus00868,saudi arabia,southern,khamis,David Kelly
cus00869,saudi arabia,central,qassim,Mr. Randall Thompson
cus00870,saudi arabia,southern,abha,Elizabeth Davis
cus00871,saudi arabia,southern,khamis,Brittany Nelson
cus00872,saudi arabia,central,riyadh,Alicia Moreno
cus00873,saudi arabia,central,qassim,Frank Smith
cus00874,saudi arabia,central,qassim,Phillip Rodriguez
cus00875,saudi arabia,southern,abha,Melinda Lawson
cus00876,saudi arabia,central,riyadh,Stephanie Miller
cus00877,saudi arabia,central,qassim,Courtney Henson
cus00878,saudi arabia,eastern,khobar,Jennifer Hamilton
cus00879,saudi arabia,western,jeddah,Blake Richards
cus00880,saudi arabia,eastern,al-ehsa,William Morgan
cus00881,saudi arabia,central,riyadh,Tony Hopkins
cus00882,saudi arabia,eastern,khobar,Samantha Padilla
cus00883,saudi arabia,southern,khamis,Dawn Parker MD
cus00884,saudi arabia,central,riyadh,Donald Woods
cus00885,saudi arabia,eastern,khobar,Denise James
cus00886,saudi arabia,western,mecca,Debra Johnson
cus00887,saudi arabia,western,madina,Charles Miranda
cus00888,saudi arabia,central,riyadh,Russell Tyler
cus00889,saudi arabia,western,mecca,Kyle Carter
cus00890,saudi arabia,eastern,al-ehsa,Ian Hall
cus00891,saudi arabia,central,qassim,James Obrien
cus00892,saudi arabia,central,qassim,Eugene White
cus00893,saudi arabia,central,riyadh,George Chan
cus00894,saudi arabia,eastern,damman,Sarah Small
cus00895,saudi arabia,western,mecca,Chelsea Brooks
cus00896,saudi arabia,eastern,khobar,James Barnes
cus00897,saudi arabia,eastern,damman,Robert Wood
cus00898,saudi arabia,eastern,al-ehsa,Christopher Mcclure
cus00899,saudi arabia,southern,abha,Christie Miller
cus00900,saudi arabia,southern,jezan,Cindy Dyer
cus00901,saudi arabia,central,riyadh,Stacy Garcia
cus00902,saudi arabia,eastern,khobar,Dawn Mercer
cus00903,saudi arabia,western,mecca,Terry Curtis
cus00904,saudi arabia,eastern,khobar,Brianna Roberts
cus00905,saudi arabia,central,qassim,Rebecca Ochoa
cus00906,saudi arabia,eastern,damman,Victor Miller
cus00907,saudi arabia,southern,khamis,Judy Walton
cus00908,saudi arabia,western,mecca,Jennifer Leonard
cus00909,saudi arabia,western,jeddah,Michael Gonzales
cus00910,saudi arabia,western,jeddah,Michael Garza
cus00911,saudi arabia,southern,khamis,Janet Dalton MD
cus00912,saudi arabia,central,qassim,Alejandro Donovan
cus00913,saudi arabia,southern,abha,Tracy Beasley
cus00914,saudi arabia,eastern,damman,Jessica Wilson
cus00915,saudi arabia,central,qassim,Ariana Holt
cus00916,saudi arabia,southern,jezan,Michael Roach
cus00917,saudi arabia,western,jeddah,Heather Little
cus00918,saudi arabia,western,madina,Miss Norma White
cus00919,saudi arabia,central,riyadh,Charles Clark
cus00920,saudi arabia,western,madina,Keith Bass
cus00921,saudi arabia,eastern,khobar,Felicia Taylor
cus00922,saudi arabia,eastern,khobar,Patricia Alvarez
cus00923,saudi arabia,southern,abha,Jeremy Patrick
cus00924,saudi arabia,central,qassim,Brad Raymond
cus00925,saudi arabia,eastern,damman,Sandra Hill
cus00926,saudi arabia,eastern,khobar,Janet Ray
cus00927,saudi arabia,western,madina,Valerie Brown
cus00928,saudi arabia,western,mecca,Anthony Brown
cus00929,saudi arabia,western,jeddah,Jason Lee
cus00930,saudi arabia,southern,khamis,Eric Graham
cus00931,saudi arabia,southern,jezan,Taylor Logan
cus00932,saudi arabia,southern,jezan,Joshua Gonzales
cus00933,saudi arabia,western,jeddah,Mark Park
cus00934,saudi arabia,eastern,khobar,Mr. Calvin Sanchez
cus00935,saudi arabia,western,jeddah,Kimberly Cox
cus00936,saudi arabia,eastern,al-ehsa,Christina Stone
cus00937,saudi arabia,western,madina,Shawn Jones
cus00938,saudi arabia,western,mecca,Kathleen Adams
cus00939,saudi arabia,western,mecca,Ashley Simmons
cus00940,saudi arabia,eastern,khobar,Samuel Garza
cus00941,saudi arabia,southern,abha,Patricia Rodriguez
cus00942,saudi arabia,central,riyadh,Jessica Moore
cus00943,saudi arabia,western,jeddah,Jordan Little
cus00944,saudi arabia,eastern,al-ehsa,Benjamin Walker
cus00945,saudi arabia,central,qassim,Timothy Mays
cus00946,saudi arabia,central,riyadh,Joshua Anderson
cus00947,saudi arabia,eastern,al-ehsa,Richard Austin
cus00948,saudi arabia,western,jeddah,Lisa Reyes
cus00949,saudi arabia,western,mecca,Thomas Foster
cus00950,saudi arabia,southern,jezan,Matthew Henderson
cus00951,saudi arabia,southern,abha,Ashley Webster
cus00952,saudi arabia,southern,abha,John Mcbride
cus00953,saudi arabia,central,qassim,Maurice Chapman
cus00954,saudi arabia,eastern,khobar,Monica Sellers
cus00955,saudi arabia,central,riyadh,Roger Kennedy
cus00956,saudi arabia,southern,khamis,Susan Boyle
cus00957,saudi arabia,central,riyadh,Kimberly Ware
cus00958,saudi arabia,southern,khamis,Summer Davies
cus00959,saudi arabia,central,qassim,Brian Smith
cus00960,saudi arabia,southern,khamis,Kristen Dunn
cus00961,saudi arabia,southern,abha,Nicole Mason
cus00962,saudi arabia,southern,jezan,Kristina Carter
cus00963,saudi arabia,western,madina,Christopher Campos
cus00964,saudi arabia,central,qassim,James Hamilton
cus00965,saudi arabia,western,mecca,Natasha Nelson
cus00966,saudi arabia,eastern,khobar,Patricia Parker
cus00967,saudi arabia,southern,abha,Angela Garza
cus00968,saudi arabia,eastern,damman,Linda Smith
cus00969,saudi arabia,eastern,damman,Jimmy Flores
cus00970,saudi arabia,eastern,khobar,Olivia Mcconnell
cus00971,saudi arabia,southern,khamis,Christopher Thomas
cus00972,saudi arabia,central,qassim,Zachary Holland
cus00973,saudi arabia,central,riyadh,Daniel Reynolds
cus00974,saudi arabia,eastern,al-ehsa,Morgan Garcia
cus00975,saudi arabia,eastern,damman,Alicia Wong
cus00976,saudi arabia,southern,khamis,Corey Davidson
cus00977,saudi arabia,eastern,khobar,Francisco Boyer
cus00978,saudi arabia,central,riyadh,Paula Mccall
cus00979,saudi arabia,southern,abha,Michael Dickson
cus00980,saudi arabia,western,mecca,Scott English
cus00981,saudi arabia,central,riyadh,Ashley Jordan
cus00982,saudi arabia,central,riyadh,Mrs. Megan Morton
cus00983,saudi arabia,eastern,al-ehsa,Kelly Barnes
cus00984,saudi arabia,western,madina,Timothy Garcia
cus00985,saudi arabia,central,qassim,Christina Cooper
cus00986,saudi arabia,western,madina,Alexandra Cohen
cus00987,saudi arabia,central,riyadh,Robert Martinez
cus00988,saudi arabia,western,mecca,David Walters
cus00989,saudi arabia,western,jeddah,John Mccoy
cus00990,saudi arabia,western,madina,William Garcia
cus00991,saudi arabia,southern,khamis,Kevin Ferguson
cus00992,saudi arabia,eastern,khobar,Scott Meza
cus00993,saudi arabia,southern,khamis,Cody Watson
cus00994,saudi arabia,eastern,al-ehsa,Kyle Cantu
cus00995,saudi arabia,western,mecca,Morgan Mckenzie
cus00996,saudi arabia,eastern,khobar,Lindsey Welch
cus00997,saudi arabia,western,madina,Nancy Johnson
cus00998,saudi arabia,eastern,al-ehsa,Chase Collins
cus00999,saudi arabia,central,qassim,James Hardin
